zip,lat,lng,city,state_id,state_name,zcta,parent_zcta,population,density,county_fips,county_name,county_weights,county_names_all,county_fips_all,imprecise,military,timezone
85003,33.45076,-112.07836,Phoenix,AZ,Arizona,TRUE,,8419,1953.9,4013,Maricopa,{'04013':100},Maricopa,4013,FALSE,FALSE,America/Phoenix
85004,33.45156,-112.06986,Phoenix,AZ,Arizona,TRUE,,6552,939.7,4013,Maricopa,{'04013':100},Maricopa,4013,FALSE,FALSE,America/Phoenix
85006,33.46516,-112.04789,Phoenix,AZ,Arizona,TRUE,,28176,2546.1,4013,Maricopa,{'04013':100},Maricopa,4013,FALSE,FALSE,America/Phoenix
85007,33.44713,-112.0912,Phoenix,AZ,Arizona,TRUE,,14751,1187.1,4013,Maricopa,{'04013':100},Maricopa,4013,FALSE,FALSE,America/Phoenix
85008,33.46331,-111.98676,Phoenix,AZ,Arizona,TRUE,,62992,2069.8,4013,Maricopa,{'04013':100},Maricopa,4013,FALSE,FALSE,America/Phoenix
85009,33.44282,-112.12823,Phoenix,AZ,Arizona,TRUE,,49536,1298.1,4013,Maricopa,{'04013':100},Maricopa,4013,FALSE,FALSE,America/Phoenix
85012,33.50731,-112.07035,Phoenix,AZ,Arizona,TRUE,,7012,1124.4,4013,Maricopa,{'04013':100},Maricopa,4013,FALSE,FALSE,America/Phoenix
85013,33.51007,-112.08287,Phoenix,AZ,Arizona,TRUE,,20902,2005.9,4013,Maricopa,{'04013':100},Maricopa,4013,FALSE,FALSE,America/Phoenix
85014,33.50855,-112.05675,Phoenix,AZ,Arizona,TRUE,,27395,2289.3,4013,Maricopa,{'04013':100},Maricopa,4013,FALSE,FALSE,America/Phoenix
85015,33.50917,-112.10179,Phoenix,AZ,Arizona,TRUE,,39866,2976.6,4013,Maricopa,{'04013':100},Maricopa,4013,FALSE,FALSE,America/Phoenix
85016,33.51359,-112.02967,Phoenix,AZ,Arizona,TRUE,,35167,1449,4013,Maricopa,{'04013':100},Maricopa,4013,FALSE,FALSE,America/Phoenix
85017,33.50909,-112.1237,Phoenix,AZ,Arizona,TRUE,,41993,2862.9,4013,Maricopa,{'04013':100},Maricopa,4013,FALSE,FALSE,America/Phoenix
85018,33.50536,-111.98577,Phoenix,AZ,Arizona,TRUE,,38833,1252.2,4013,Maricopa,{'04013':100},Maricopa,4013,FALSE,FALSE,America/Phoenix
85019,33.50918,-112.14299,Phoenix,AZ,Arizona,TRUE,,26659,2578.3,4013,Maricopa,{'04013':100},Maricopa,4013,FALSE,FALSE,America/Phoenix
85020,33.56733,-112.05461,Phoenix,AZ,Arizona,TRUE,,34782,1426.6,4013,Maricopa,{'04013':100},Maricopa,4013,FALSE,FALSE,America/Phoenix
85021,33.55998,-112.09398,Phoenix,AZ,Arizona,TRUE,,42002,2166.7,4013,Maricopa,{'04013':100},Maricopa,4013,FALSE,FALSE,America/Phoenix
85022,33.62713,-112.05181,Phoenix,AZ,Arizona,TRUE,,51426,1915.3,4013,Maricopa,{'04013':100},Maricopa,4013,FALSE,FALSE,America/Phoenix
85023,33.63154,-112.09466,Phoenix,AZ,Arizona,TRUE,,34488,1653.3,4013,Maricopa,{'04013':100},Maricopa,4013,FALSE,FALSE,America/Phoenix
85024,33.73546,-112.03346,Phoenix,AZ,Arizona,TRUE,,24675,313.8,4013,Maricopa,{'04013':100},Maricopa,4013,FALSE,FALSE,America/Phoenix
85027,33.6819,-112.0996,Phoenix,AZ,Arizona,TRUE,,36539,1020.1,4013,Maricopa,{'04013':100},Maricopa,4013,FALSE,FALSE,America/Phoenix
85028,33.57555,-112.00912,Phoenix,AZ,Arizona,TRUE,,19389,738,4013,Maricopa,{'04013':100},Maricopa,4013,FALSE,FALSE,America/Phoenix
85029,33.59501,-112.11029,Phoenix,AZ,Arizona,TRUE,,45958,1748.2,4013,Maricopa,{'04013':100},Maricopa,4013,FALSE,FALSE,America/Phoenix
85031,33.49492,-112.16833,Phoenix,AZ,Arizona,TRUE,,32737,2905.6,4013,Maricopa,{'04013':100},Maricopa,4013,FALSE,FALSE,America/Phoenix
85032,33.6263,-112.00381,Phoenix,AZ,Arizona,TRUE,,72830,2035.1,4013,Maricopa,{'04013':100},Maricopa,4013,FALSE,FALSE,America/Phoenix
85033,33.49438,-112.21165,Phoenix,AZ,Arizona,TRUE,,65759,3359,4013,Maricopa,{'04013':100},Maricopa,4013,FALSE,FALSE,America/Phoenix
85034,33.43489,-112.02005,Phoenix,AZ,Arizona,TRUE,,4772,188.7,4013,Maricopa,{'04013':100},Maricopa,4013,FALSE,FALSE,America/Phoenix
85035,33.47144,-112.19466,Phoenix,AZ,Arizona,TRUE,,58327,3207.9,4013,Maricopa,{'04013':100},Maricopa,4013,FALSE,FALSE,America/Phoenix
85037,33.49056,-112.26468,Phoenix,AZ,Arizona,TRUE,,55567,2111.6,4013,Maricopa,{'04013':100},Maricopa,4013,FALSE,FALSE,America/Phoenix
85040,33.40613,-112.02657,Phoenix,AZ,Arizona,TRUE,,35358,1113.9,4013,Maricopa,{'04013':100},Maricopa,4013,FALSE,FALSE,America/Phoenix
85041,33.38586,-112.10884,Phoenix,AZ,Arizona,TRUE,,62491,1336.6,4013,Maricopa,{'04013':100},Maricopa,4013,FALSE,FALSE,America/Phoenix
85042,33.36882,-112.04246,Phoenix,AZ,Arizona,TRUE,,46570,1052.3,4013,Maricopa,{'04013':100},Maricopa,4013,FALSE,FALSE,America/Phoenix
85043,33.43242,-112.19646,Phoenix,AZ,Arizona,TRUE,,39757,624.2,4013,Maricopa,{'04013':100},Maricopa,4013,FALSE,FALSE,America/Phoenix
85044,33.34239,-112.00176,Phoenix,AZ,Arizona,TRUE,,41449,1017.9,4013,Maricopa,{'04013':100},Maricopa,4013,FALSE,FALSE,America/Phoenix
85045,33.29917,-112.10853,Phoenix,AZ,Arizona,TRUE,,7063,772.4,4013,Maricopa,{'04013':100},Maricopa,4013,FALSE,FALSE,America/Phoenix
85048,33.31255,-112.05576,Phoenix,AZ,Arizona,TRUE,,35252,655.2,4013,Maricopa,{'04013':100},Maricopa,4013,FALSE,FALSE,America/Phoenix
85050,33.68633,-111.9963,Phoenix,AZ,Arizona,TRUE,,30647,681.5,4013,Maricopa,{'04013':100},Maricopa,4013,FALSE,FALSE,America/Phoenix
85051,33.55908,-112.1332,Phoenix,AZ,Arizona,TRUE,,44042,2467.9,4013,Maricopa,{'04013':100},Maricopa,4013,FALSE,FALSE,America/Phoenix
85053,33.62994,-112.1316,Phoenix,AZ,Arizona,TRUE,,29976,2111,4013,Maricopa,{'04013':100},Maricopa,4013,FALSE,FALSE,America/Phoenix
85054,33.67311,-111.94612,Phoenix,AZ,Arizona,TRUE,,6896,231,4013,Maricopa,{'04013':100},Maricopa,4013,FALSE,FALSE,America/Phoenix
85083,33.72456,-112.15854,Phoenix,AZ,Arizona,TRUE,,19605,710,4013,Maricopa,{'04013':100},Maricopa,4013,FALSE,FALSE,America/Phoenix
85085,33.75295,-112.08931,Phoenix,AZ,Arizona,TRUE,,22211,264,4013,Maricopa,{'04013':100},Maricopa,4013,FALSE,FALSE,America/Phoenix
85086,33.81547,-112.12017,Phoenix,AZ,Arizona,TRUE,,42272,268,4013,Maricopa,{'04013':100},Maricopa,4013,FALSE,FALSE,America/Phoenix
85087,33.92352,-112.12793,New River,AZ,Arizona,TRUE,,8510,39.7,4013,Maricopa,{'04013':100},Maricopa,4013,FALSE,FALSE,America/Phoenix
85118,33.3534,-111.35045,Gold Canyon,AZ,Arizona,TRUE,,12908,29.7,4021,Pinal,{'04021':100},Pinal,4021,FALSE,FALSE,America/Phoenix
85119,33.40969,-111.50196,Apache Junction,AZ,Arizona,TRUE,,22447,186,4021,Pinal,{'04021':100},Pinal,4021,FALSE,FALSE,America/Phoenix
85120,33.40298,-111.56787,Apache Junction,AZ,Arizona,TRUE,,31795,608.9,4021,Pinal,"{'04013':16.23,'04021':83.77}",Pinal|Maricopa,04021|04013,FALSE,FALSE,America/Phoenix
85121,33.14345,-111.92129,Bapchule,AZ,Arizona,TRUE,,1676,11.5,4021,Pinal,{'04021':100},Pinal,4021,FALSE,FALSE,America/Phoenix
85122,32.91719,-111.74423,Casa Grande,AZ,Arizona,TRUE,,57860,393.2,4021,Pinal,{'04021':100},Pinal,4021,FALSE,FALSE,America/Phoenix
85123,32.71579,-111.69557,Arizona City,AZ,Arizona,TRUE,,11845,155,4021,Pinal,{'04021':100},Pinal,4021,FALSE,FALSE,America/Phoenix
85128,32.99048,-111.53804,Coolidge,AZ,Arizona,TRUE,,16745,35,4021,Pinal,{'04021':100},Pinal,4021,FALSE,FALSE,America/Phoenix
85131,32.67392,-111.55011,Eloy,AZ,Arizona,TRUE,,19387,25.8,4021,Pinal,{'04021':100},Pinal,4021,FALSE,FALSE,America/Phoenix
85132,32.93338,-111.20451,Florence,AZ,Arizona,TRUE,,36774,21.5,4021,Pinal,{'04021':100},Pinal,4021,FALSE,FALSE,America/Phoenix
85135,33.00418,-110.786,Hayden,AZ,Arizona,TRUE,,470,551.8,4007,Gila,{'04007':100},Gila,4007,FALSE,FALSE,America/Phoenix
85137,33.13734,-111.00193,Kearny,AZ,Arizona,TRUE,,2576,4.3,4021,Pinal,{'04021':100},Pinal,4021,FALSE,FALSE,America/Phoenix
85138,33.00684,-111.98908,Maricopa,AZ,Arizona,TRUE,,36636,175.3,4021,Pinal,{'04021':100},Pinal,4021,FALSE,FALSE,America/Phoenix
85139,32.97601,-112.14605,Maricopa,AZ,Arizona,TRUE,,18184,35.9,4021,Pinal,"{'04013':0.69,'04021':99.31}",Pinal|Maricopa,04021|04013,FALSE,FALSE,America/Phoenix
85140,33.24455,-111.54381,San Tan Valley,AZ,Arizona,TRUE,,46804,422.7,4021,Pinal,{'04021':100},Pinal,4021,FALSE,FALSE,America/Phoenix
85141,32.67333,-111.45436,Picacho,AZ,Arizona,TRUE,,401,4.7,4021,Pinal,{'04021':100},Pinal,4021,FALSE,FALSE,America/Phoenix
85142,33.19863,-111.63817,Queen Creek,AZ,Arizona,TRUE,,65881,265.7,4013,Maricopa,"{'04013':66.26,'04021':33.74}",Maricopa|Pinal,04013|04021,FALSE,FALSE,America/Phoenix
85143,33.15864,-111.51902,San Tan Valley,AZ,Arizona,TRUE,,38235,375.9,4021,Pinal,{'04021':100},Pinal,4021,FALSE,FALSE,America/Phoenix
85145,32.55752,-111.36787,Red Rock,AZ,Arizona,TRUE,,3763,36.6,4021,Pinal,{'04021':100},Pinal,4021,FALSE,FALSE,America/Phoenix
85147,33.12586,-111.73727,Sacaton,AZ,Arizona,TRUE,,3551,24.6,4021,Pinal,{'04021':100},Pinal,4021,FALSE,FALSE,America/Phoenix
85172,32.88609,-111.95379,Stanfield,AZ,Arizona,TRUE,,2072,8,4021,Pinal,{'04021':100},Pinal,4021,FALSE,FALSE,America/Phoenix
85173,33.27017,-111.12336,Superior,AZ,Arizona,TRUE,,3048,29.7,4021,Pinal,{'04021':100},Pinal,4021,FALSE,FALSE,America/Phoenix
85192,32.96051,-110.68865,Winkelman,AZ,Arizona,TRUE,,1940,2.3,4021,Pinal,"{'04007':32.74,'04021':67.26}",Pinal|Gila,04021|04007,FALSE,FALSE,America/Phoenix
85193,32.79405,-111.82022,Casa Grande,AZ,Arizona,TRUE,,5077,7.3,4021,Pinal,{'04021':100},Pinal,4021,FALSE,FALSE,America/Phoenix
85194,32.89835,-111.62605,Casa Grande,AZ,Arizona,TRUE,,7472,34.2,4021,Pinal,{'04021':100},Pinal,4021,FALSE,FALSE,America/Phoenix
85201,33.43386,-111.85023,Mesa,AZ,Arizona,TRUE,,51519,1906.1,4013,Maricopa,{'04013':100},Maricopa,4013,FALSE,FALSE,America/Phoenix
85202,33.38249,-111.87447,Mesa,AZ,Arizona,TRUE,,39245,2288.5,4013,Maricopa,{'04013':100},Maricopa,4013,FALSE,FALSE,America/Phoenix
85203,33.45005,-111.804,Mesa,AZ,Arizona,TRUE,,39069,1497.7,4013,Maricopa,{'04013':100},Maricopa,4013,FALSE,FALSE,America/Phoenix
85204,33.39679,-111.7881,Mesa,AZ,Arizona,TRUE,,69278,2373.1,4013,Maricopa,{'04013':100},Maricopa,4013,FALSE,FALSE,America/Phoenix
85205,33.43231,-111.71872,Mesa,AZ,Arizona,TRUE,,42171,1572.2,4013,Maricopa,{'04013':100},Maricopa,4013,FALSE,FALSE,America/Phoenix
85206,33.39667,-111.71772,Mesa,AZ,Arizona,TRUE,,36901,1341.9,4013,Maricopa,{'04013':100},Maricopa,4013,FALSE,FALSE,America/Phoenix
85207,33.4535,-111.63683,Mesa,AZ,Arizona,TRUE,,49727,578.7,4013,Maricopa,{'04013':100},Maricopa,4013,FALSE,FALSE,America/Phoenix
85208,33.40164,-111.62824,Mesa,AZ,Arizona,TRUE,,37967,1494.3,4013,Maricopa,{'04013':100},Maricopa,4013,FALSE,FALSE,America/Phoenix
85209,33.37832,-111.63766,Mesa,AZ,Arizona,TRUE,,40201,1303.2,4013,Maricopa,{'04013':100},Maricopa,4013,FALSE,FALSE,America/Phoenix
85210,33.38986,-111.84321,Mesa,AZ,Arizona,TRUE,,40919,2138.5,4013,Maricopa,{'04013':100},Maricopa,4013,FALSE,FALSE,America/Phoenix
85212,33.32212,-111.63545,Mesa,AZ,Arizona,TRUE,,33724,266.9,4013,Maricopa,{'04013':100},Maricopa,4013,FALSE,FALSE,America/Phoenix
85213,33.44849,-111.77002,Mesa,AZ,Arizona,TRUE,,36902,1296.3,4013,Maricopa,{'04013':100},Maricopa,4013,FALSE,FALSE,America/Phoenix
85215,33.51105,-111.5788,Mesa,AZ,Arizona,TRUE,,16929,74.4,4013,Maricopa,{'04013':100},Maricopa,4013,FALSE,FALSE,America/Phoenix
85224,33.32366,-111.87644,Chandler,AZ,Arizona,TRUE,,44333,1770.7,4013,Maricopa,{'04013':100},Maricopa,4013,FALSE,FALSE,America/Phoenix
85225,33.31738,-111.83218,Chandler,AZ,Arizona,TRUE,,70066,2103.7,4013,Maricopa,{'04013':100},Maricopa,4013,FALSE,FALSE,America/Phoenix
85226,33.25895,-112.00762,Chandler,AZ,Arizona,TRUE,,38884,180,4013,Maricopa,{'04013':100},Maricopa,4013,FALSE,FALSE,America/Phoenix
85233,33.35209,-111.81136,Gilbert,AZ,Arizona,TRUE,,35284,1490.5,4013,Maricopa,{'04013':100},Maricopa,4013,FALSE,FALSE,America/Phoenix
85234,33.36454,-111.73944,Gilbert,AZ,Arizona,TRUE,,49894,1625.6,4013,Maricopa,{'04013':100},Maricopa,4013,FALSE,FALSE,America/Phoenix
85248,33.21797,-111.86962,Chandler,AZ,Arizona,TRUE,,33302,380.7,4013,Maricopa,"{'04013':97.55,'04021':2.45}",Maricopa|Pinal,04013|04021,FALSE,FALSE,America/Phoenix
85249,33.22551,-111.79707,Chandler,AZ,Arizona,TRUE,,39052,1031.7,4013,Maricopa,{'04013':100},Maricopa,4013,FALSE,FALSE,America/Phoenix
85250,33.53581,-111.88854,Scottsdale,AZ,Arizona,TRUE,,17734,652.8,4013,Maricopa,{'04013':100},Maricopa,4013,FALSE,FALSE,America/Phoenix
85251,33.49395,-111.91947,Scottsdale,AZ,Arizona,TRUE,,41575,1801.6,4013,Maricopa,{'04013':100},Maricopa,4013,FALSE,FALSE,America/Phoenix
85253,33.54501,-111.95854,Paradise Valley,AZ,Arizona,TRUE,,18643,366.1,4013,Maricopa,{'04013':100},Maricopa,4013,FALSE,FALSE,America/Phoenix
85254,33.61505,-111.95195,Scottsdale,AZ,Arizona,TRUE,,46333,1296.5,4013,Maricopa,{'04013':100},Maricopa,4013,FALSE,FALSE,America/Phoenix
85255,33.68316,-111.82109,Scottsdale,AZ,Arizona,TRUE,,41625,164.3,4013,Maricopa,{'04013':100},Maricopa,4013,FALSE,FALSE,America/Phoenix
85256,33.50195,-111.84065,Scottsdale,AZ,Arizona,TRUE,,5862,58.2,4013,Maricopa,{'04013':100},Maricopa,4013,FALSE,FALSE,America/Phoenix
85257,33.46418,-111.91593,Scottsdale,AZ,Arizona,TRUE,,33369,1575.9,4013,Maricopa,{'04013':100},Maricopa,4013,FALSE,FALSE,America/Phoenix
85258,33.56466,-111.89565,Scottsdale,AZ,Arizona,TRUE,,25152,1050.9,4013,Maricopa,{'04013':100},Maricopa,4013,FALSE,FALSE,America/Phoenix
85259,33.60113,-111.80949,Scottsdale,AZ,Arizona,TRUE,,23124,403.8,4013,Maricopa,{'04013':100},Maricopa,4013,FALSE,FALSE,America/Phoenix
85260,33.60958,-111.89157,Scottsdale,AZ,Arizona,TRUE,,38934,959.4,4013,Maricopa,{'04013':100},Maricopa,4013,FALSE,FALSE,America/Phoenix
85262,33.83184,-111.81057,Scottsdale,AZ,Arizona,TRUE,,11546,34.4,4013,Maricopa,{'04013':100},Maricopa,4013,FALSE,FALSE,America/Phoenix
85263,33.82693,-111.51453,Rio Verde,AZ,Arizona,TRUE,,2600,2.4,4013,Maricopa,{'04013':100},Maricopa,4013,FALSE,FALSE,America/Phoenix
85264,33.63083,-111.53258,Fort Mcdowell,AZ,Arizona,TRUE,,1388,2.3,4013,Maricopa,{'04013':100},Maricopa,4013,FALSE,FALSE,America/Phoenix
85266,33.76694,-111.91827,Scottsdale,AZ,Arizona,TRUE,,12937,257,4013,Maricopa,{'04013':100},Maricopa,4013,FALSE,FALSE,America/Phoenix
85268,33.60699,-111.74005,Fountain Hills,AZ,Arizona,TRUE,,24812,425.4,4013,Maricopa,{'04013':100},Maricopa,4013,FALSE,FALSE,America/Phoenix
85281,33.42817,-111.93113,Tempe,AZ,Arizona,TRUE,,65283,1657.6,4013,Maricopa,{'04013':100},Maricopa,4013,FALSE,FALSE,America/Phoenix
85282,33.39416,-111.93187,Tempe,AZ,Arizona,TRUE,,54649,1681.9,4013,Maricopa,{'04013':100},Maricopa,4013,FALSE,FALSE,America/Phoenix
85283,33.36461,-111.93209,Tempe,AZ,Arizona,TRUE,,51119,1967.1,4013,Maricopa,{'04013':100},Maricopa,4013,FALSE,FALSE,America/Phoenix
85284,33.33718,-111.93425,Tempe,AZ,Arizona,TRUE,,18945,819.4,4013,Maricopa,{'04013':100},Maricopa,4013,FALSE,FALSE,America/Phoenix
85286,33.27106,-111.83123,Chandler,AZ,Arizona,TRUE,,42979,925.3,4013,Maricopa,{'04013':100},Maricopa,4013,FALSE,FALSE,America/Phoenix
85295,33.30544,-111.74085,Gilbert,AZ,Arizona,TRUE,,45763,1170.9,4013,Maricopa,{'04013':100},Maricopa,4013,FALSE,FALSE,America/Phoenix
85296,33.33539,-111.74059,Gilbert,AZ,Arizona,TRUE,,43643,1254.9,4013,Maricopa,{'04013':100},Maricopa,4013,FALSE,FALSE,America/Phoenix
85297,33.2778,-111.7335,Gilbert,AZ,Arizona,TRUE,,33029,987,4013,Maricopa,{'04013':100},Maricopa,4013,FALSE,FALSE,America/Phoenix
85298,33.24188,-111.72573,Gilbert,AZ,Arizona,TRUE,,30987,579.5,4013,Maricopa,{'04013':100},Maricopa,4013,FALSE,FALSE,America/Phoenix
85301,33.53176,-112.17798,Glendale,AZ,Arizona,TRUE,,68300,2505.5,4013,Maricopa,{'04013':100},Maricopa,4013,FALSE,FALSE,America/Phoenix
85302,33.56796,-112.17795,Glendale,AZ,Arizona,TRUE,,40434,2335.4,4013,Maricopa,{'04013':100},Maricopa,4013,FALSE,FALSE,America/Phoenix
85303,33.53271,-112.2211,Glendale,AZ,Arizona,TRUE,,33380,1848.2,4013,Maricopa,{'04013':100},Maricopa,4013,FALSE,FALSE,America/Phoenix
85304,33.59646,-112.17698,Glendale,AZ,Arizona,TRUE,,27746,1794.9,4013,Maricopa,{'04013':100},Maricopa,4013,FALSE,FALSE,America/Phoenix
85305,33.53079,-112.25636,Glendale,AZ,Arizona,TRUE,,12760,659.4,4013,Maricopa,{'04013':100},Maricopa,4013,FALSE,FALSE,America/Phoenix
85306,33.62394,-112.17639,Glendale,AZ,Arizona,TRUE,,25206,1666.4,4013,Maricopa,{'04013':100},Maricopa,4013,FALSE,FALSE,America/Phoenix
85307,33.53756,-112.31365,Glendale,AZ,Arizona,TRUE,,11212,286.5,4013,Maricopa,{'04013':100},Maricopa,4013,FALSE,FALSE,America/Phoenix
85308,33.66051,-112.18462,Glendale,AZ,Arizona,TRUE,,66057,1444,4013,Maricopa,{'04013':100},Maricopa,4013,FALSE,FALSE,America/Phoenix
85309,33.53551,-112.37668,Luke Air Force Base,AZ,Arizona,TRUE,,681,167.1,4013,Maricopa,{'04013':100},Maricopa,4013,FALSE,FALSE,America/Phoenix
85310,33.69578,-112.17189,Glendale,AZ,Arizona,TRUE,,19649,805.1,4013,Maricopa,{'04013':100},Maricopa,4013,FALSE,FALSE,America/Phoenix
85320,33.91865,-113.21338,Aguila,AZ,Arizona,TRUE,,1480,0.8,4013,Maricopa,"{'04013':98.66,'04025':1.34}",Maricopa|Yavapai,04013|04025,FALSE,FALSE,America/Phoenix
85321,32.22944,-112.65434,Ajo,AZ,Arizona,TRUE,,4370,1.1,4019,Pima,"{'04013':3.4,'04019':96.6}",Pima|Maricopa,04019|04013,FALSE,FALSE,America/Phoenix
85322,33.1741,-112.85102,Arlington,AZ,Arizona,TRUE,,626,0.8,4013,Maricopa,{'04013':100},Maricopa,4013,FALSE,FALSE,America/Phoenix
85323,33.41939,-112.32606,Avondale,AZ,Arizona,TRUE,,42812,820.7,4013,Maricopa,{'04013':100},Maricopa,4013,FALSE,FALSE,America/Phoenix
85324,34.11917,-112.04425,Black Canyon City,AZ,Arizona,TRUE,,3172,3.8,4025,Yavapai,{'04025':100},Yavapai,4025,FALSE,FALSE,America/Phoenix
85325,33.99878,-113.90159,Bouse,AZ,Arizona,TRUE,,1243,0.6,4012,La Paz,{'04012':100},La Paz,4012,FALSE,FALSE,America/Phoenix
85326,33.28904,-112.57796,Buckeye,AZ,Arizona,TRUE,,60999,54.1,4013,Maricopa,{'04013':100},Maricopa,4013,FALSE,FALSE,America/Phoenix
85328,33.22631,-114.63446,Cibola,AZ,Arizona,TRUE,,302,0.6,4012,La Paz,{'04012':100},La Paz,4012,FALSE,FALSE,America/Phoenix
85331,33.88507,-111.93494,Cave Creek,AZ,Arizona,TRUE,,29905,92.6,4013,Maricopa,{'04013':100},Maricopa,4013,FALSE,FALSE,America/Phoenix
85332,34.19083,-112.90463,Congress,AZ,Arizona,TRUE,,1693,2,4025,Yavapai,{'04025':100},Yavapai,4025,FALSE,FALSE,America/Phoenix
85333,33.02342,-113.28109,Dateland,AZ,Arizona,TRUE,,715,0.4,4027,Yuma,"{'04013':9.75,'04027':90.25}",Yuma|Maricopa,04027|04013,FALSE,FALSE,America/Phoenix
85334,33.52219,-114.53382,Ehrenberg,AZ,Arizona,TRUE,,939,8.8,4012,La Paz,{'04012':100},La Paz,4012,FALSE,FALSE,America/Phoenix
85335,33.59191,-112.32664,El Mirage,AZ,Arizona,TRUE,,35004,1230.5,4013,Maricopa,{'04013':100},Maricopa,4013,FALSE,FALSE,America/Phoenix
85336,32.54533,-114.78951,San Luis,AZ,Arizona,TRUE,,441,70.4,4027,Yuma,{'04027':100},Yuma,4027,FALSE,FALSE,America/Phoenix
85337,32.95961,-112.70325,Gila Bend,AZ,Arizona,TRUE,,2669,1.9,4013,Maricopa,{'04013':100},Maricopa,4013,FALSE,FALSE,America/Phoenix
85338,33.37349,-112.40793,Goodyear,AZ,Arizona,TRUE,,48517,215,4013,Maricopa,{'04013':100},Maricopa,4013,FALSE,FALSE,America/Phoenix
85339,33.23785,-112.16084,Laveen,AZ,Arizona,TRUE,,46251,64.7,4013,Maricopa,"{'04013':99.85,'04021':0.15}",Maricopa|Pinal,04013|04021,FALSE,FALSE,America/Phoenix
85340,33.50983,-112.41314,Litchfield Park,AZ,Arizona,TRUE,,33531,336.6,4013,Maricopa,{'04013':100},Maricopa,4013,FALSE,FALSE,America/Phoenix
85341,31.87378,-112.78479,Lukeville,AZ,Arizona,TRUE,,0,10.7,4019,Pima,{'04019':100},Pima,4019,FALSE,FALSE,America/Phoenix
85342,33.94477,-112.45307,Morristown,AZ,Arizona,TRUE,,1380,1.3,4013,Maricopa,"{'04013':97.21,'04025':2.79}",Maricopa|Yavapai,04013|04025,FALSE,FALSE,America/Phoenix
85343,33.33911,-112.68917,Palo Verde,AZ,Arizona,TRUE,,195,9.5,4013,Maricopa,{'04013':100},Maricopa,4013,FALSE,FALSE,America/Phoenix
85344,34.07556,-114.22191,Parker,AZ,Arizona,TRUE,,10741,8.2,4012,La Paz,{'04012':100},La Paz,4012,FALSE,FALSE,America/Phoenix
85345,33.57196,-112.24617,Peoria,AZ,Arizona,TRUE,,56790,1662.5,4013,Maricopa,{'04013':100},Maricopa,4013,FALSE,FALSE,America/Phoenix
85346,33.63605,-114.14626,Quartzsite,AZ,Arizona,TRUE,,4493,2.7,4012,La Paz,{'04012':100},La Paz,4012,FALSE,FALSE,America/Phoenix
85347,32.79743,-113.78961,Roll,AZ,Arizona,TRUE,,679,1.3,4027,Yuma,{'04027':100},Yuma,4027,FALSE,FALSE,America/Phoenix
85348,33.70862,-113.71375,Salome,AZ,Arizona,TRUE,,2295,2.4,4012,La Paz,{'04012':100},La Paz,4012,FALSE,FALSE,America/Phoenix
85349,32.4974,-114.75244,San Luis,AZ,Arizona,TRUE,,30795,548.5,4027,Yuma,{'04027':100},Yuma,4027,FALSE,FALSE,America/Phoenix
85350,32.5535,-114.69741,Somerton,AZ,Arizona,TRUE,,22306,83.2,4027,Yuma,{'04027':100},Yuma,4027,FALSE,FALSE,America/Phoenix
85351,33.60649,-112.2821,Sun City,AZ,Arizona,TRUE,,29107,988,4013,Maricopa,{'04013':100},Maricopa,4013,FALSE,FALSE,America/Phoenix
85352,32.71939,-113.83951,Tacna,AZ,Arizona,TRUE,,510,2.9,4027,Yuma,{'04027':100},Yuma,4027,FALSE,FALSE,America/Phoenix
85353,33.41824,-112.27288,Tolleson,AZ,Arizona,TRUE,,41818,552.2,4013,Maricopa,{'04013':100},Maricopa,4013,FALSE,FALSE,America/Phoenix
85354,33.43308,-113.04846,Tonopah,AZ,Arizona,TRUE,,7547,4.3,4013,Maricopa,{'04013':100},Maricopa,4013,FALSE,FALSE,America/Phoenix
85355,33.57621,-112.45385,Waddell,AZ,Arizona,TRUE,,12385,96,4013,Maricopa,{'04013':100},Maricopa,4013,FALSE,FALSE,America/Phoenix
85356,32.68902,-114.16229,Wellton,AZ,Arizona,TRUE,,4889,10.6,4027,Yuma,{'04027':100},Yuma,4027,FALSE,FALSE,America/Phoenix
85357,33.97757,-113.50301,Wenden,AZ,Arizona,TRUE,,342,0.5,4012,La Paz,{'04012':100},La Paz,4012,FALSE,FALSE,America/Phoenix
85360,34.70927,-113.56826,Wikieup,AZ,Arizona,TRUE,,156,0.1,4015,Mohave,{'04015':100},Mohave,4015,FALSE,FALSE,America/Phoenix
85361,33.76396,-112.61468,Wittmann,AZ,Arizona,TRUE,,5743,21.8,4013,Maricopa,{'04013':100},Maricopa,4013,FALSE,FALSE,America/Phoenix
85362,34.27993,-112.83471,Yarnell,AZ,Arizona,TRUE,,700,3.5,4025,Yavapai,{'04025':100},Yavapai,4025,FALSE,FALSE,America/Phoenix
85363,33.58446,-112.30505,Youngtown,AZ,Arizona,TRUE,,6747,1495.7,4013,Maricopa,{'04013':100},Maricopa,4013,FALSE,FALSE,America/Phoenix
85364,32.70312,-114.65881,Yuma,AZ,Arizona,TRUE,,74382,732.5,4027,Yuma,{'04027':100},Yuma,4027,FALSE,FALSE,America/Phoenix
85365,33.07873,-114.15042,Yuma,AZ,Arizona,TRUE,,50690,13.1,4027,Yuma,{'04027':100},Yuma,4027,FALSE,FALSE,America/Phoenix
85367,32.67174,-114.39552,Yuma,AZ,Arizona,TRUE,,22526,173.9,4027,Yuma,{'04027':100},Yuma,4027,FALSE,FALSE,America/Phoenix
85371,33.82862,-114.37583,Poston,AZ,Arizona,TRUE,,346,0.9,4012,La Paz,{'04012':100},La Paz,4012,FALSE,FALSE,America/Phoenix
85373,33.67379,-112.29958,Sun City,AZ,Arizona,TRUE,,19088,588.1,4013,Maricopa,{'04013':100},Maricopa,4013,FALSE,FALSE,America/Phoenix
85374,33.64403,-112.37682,Surprise,AZ,Arizona,TRUE,,47709,1120.8,4013,Maricopa,{'04013':100},Maricopa,4013,FALSE,FALSE,America/Phoenix
85375,33.68565,-112.36608,Sun City West,AZ,Arizona,TRUE,,28759,580,4013,Maricopa,{'04013':100},Maricopa,4013,FALSE,FALSE,America/Phoenix
85377,33.82433,-111.91526,Carefree,AZ,Arizona,TRUE,,3299,139.1,4013,Maricopa,{'04013':100},Maricopa,4013,FALSE,FALSE,America/Phoenix
85379,33.60211,-112.37356,Surprise,AZ,Arizona,TRUE,,47791,1425.8,4013,Maricopa,{'04013':100},Maricopa,4013,FALSE,FALSE,America/Phoenix
85381,33.60956,-112.23163,Peoria,AZ,Arizona,TRUE,,25446,1408.3,4013,Maricopa,{'04013':100},Maricopa,4013,FALSE,FALSE,America/Phoenix
85382,33.65509,-112.24747,Peoria,AZ,Arizona,TRUE,,39556,1578.2,4013,Maricopa,{'04013':100},Maricopa,4013,FALSE,FALSE,America/Phoenix
85383,33.80236,-112.24699,Peoria,AZ,Arizona,TRUE,,50308,151,4013,Maricopa,{'04013':100},Maricopa,4013,FALSE,FALSE,America/Phoenix
85387,33.71279,-112.43806,Surprise,AZ,Arizona,TRUE,,10651,67.6,4013,Maricopa,{'04013':100},Maricopa,4013,FALSE,FALSE,America/Phoenix
85388,33.6079,-112.43385,Surprise,AZ,Arizona,TRUE,,29408,691.4,4013,Maricopa,{'04013':100},Maricopa,4013,FALSE,FALSE,America/Phoenix
85390,33.89445,-112.86019,Wickenburg,AZ,Arizona,TRUE,,8706,5.6,4013,Maricopa,"{'04013':91.66,'04025':8.34}",Maricopa|Yavapai,04013|04025,FALSE,FALSE,America/Phoenix
85392,33.47779,-112.30937,Avondale,AZ,Arizona,TRUE,,38856,1440.8,4013,Maricopa,{'04013':100},Maricopa,4013,FALSE,FALSE,America/Phoenix
85395,33.47905,-112.39451,Goodyear,AZ,Arizona,TRUE,,29710,701,4013,Maricopa,{'04013':100},Maricopa,4013,FALSE,FALSE,America/Phoenix
85396,33.52692,-112.65073,Buckeye,AZ,Arizona,TRUE,,19085,56.8,4013,Maricopa,{'04013':100},Maricopa,4013,FALSE,FALSE,America/Phoenix
85501,33.53908,-110.75345,Globe,AZ,Arizona,TRUE,,13020,9.2,4007,Gila,{'04007':100},Gila,4007,FALSE,FALSE,America/Phoenix
85530,33.10616,-110.23729,Bylas,AZ,Arizona,TRUE,,1824,1.9,4009,Graham,{'04009':100},Graham,4009,FALSE,FALSE,America/Phoenix
85531,32.87715,-109.78937,Central,AZ,Arizona,TRUE,,417,57.7,4009,Graham,{'04009':100},Graham,4009,FALSE,FALSE,America/Phoenix
85533,33.32098,-109.38563,Clifton,AZ,Arizona,TRUE,,3527,1,4011,Greenlee,"{'04009':0.31,'04011':99.69}",Greenlee|Graham,04011|04009,FALSE,FALSE,America/Phoenix
85534,32.75426,-109.14059,Duncan,AZ,Arizona,TRUE,,2766,2.3,4011,Greenlee,{'04011':100},Greenlee,4011,FALSE,FALSE,America/Phoenix
85535,32.98992,-109.91384,Eden,AZ,Arizona,TRUE,,0,1.9,4009,Graham,{'04009':100},Graham,4009,FALSE,FALSE,America/Phoenix
85536,33.13902,-110.00261,Fort Thomas,AZ,Arizona,TRUE,,375,1.1,4009,Graham,{'04009':100},Graham,4009,FALSE,FALSE,America/Phoenix
85539,33.36103,-110.91301,Miami,AZ,Arizona,TRUE,,4595,31.1,4007,Gila,"{'04007':94.89,'04021':5.11}",Gila|Pinal,04007|04021,FALSE,FALSE,America/Phoenix
85540,32.97739,-109.35748,Morenci,AZ,Arizona,TRUE,,3176,11.1,4011,Greenlee,{'04011':100},Greenlee,4011,FALSE,FALSE,America/Phoenix
85541,34.19483,-111.3052,Payson,AZ,Arizona,TRUE,,21812,10.8,4007,Gila,{'04007':100},Gila,4007,FALSE,FALSE,America/Phoenix
85542,33.29655,-110.30316,Peridot,AZ,Arizona,TRUE,,3623,5.6,4009,Graham,"{'04007':15.58,'04009':84.42}",Graham|Gila,04009|04007,FALSE,FALSE,America/Phoenix
85543,32.98254,-109.96756,Pima,AZ,Arizona,TRUE,,3705,2.5,4009,Graham,{'04009':100},Graham,4009,FALSE,FALSE,America/Phoenix
85544,34.34353,-111.53529,Pine,AZ,Arizona,TRUE,,2487,6.9,4007,Gila,{'04007':100},Gila,4007,FALSE,FALSE,America/Phoenix
85545,33.54555,-111.12486,Roosevelt,AZ,Arizona,TRUE,,520,0.6,4007,Gila,"{'04007':97.43,'04013':2.57}",Gila|Maricopa,04007|04013,FALSE,FALSE,America/Phoenix
85546,32.71135,-109.58409,Safford,AZ,Arizona,TRUE,,20765,11.3,4009,Graham,{'04009':100},Graham,4009,FALSE,FALSE,America/Phoenix
85550,33.5311,-110.48326,San Carlos,AZ,Arizona,TRUE,,4994,3.3,4007,Gila,{'04007':100},Gila,4007,FALSE,FALSE,America/Phoenix
85551,32.72087,-109.58365,Solomon,AZ,Arizona,TRUE,,389,2.9,4009,Graham,{'04009':100},Graham,4009,FALSE,FALSE,America/Phoenix
85552,32.82182,-109.76941,Thatcher,AZ,Arizona,TRUE,,6572,100.2,4009,Graham,{'04009':100},Graham,4009,FALSE,FALSE,America/Phoenix
85553,33.81552,-111.22885,Tonto Basin,AZ,Arizona,TRUE,,1634,1.9,4007,Gila,{'04007':100},Gila,4007,FALSE,FALSE,America/Phoenix
85554,33.98597,-110.95425,Young,AZ,Arizona,TRUE,,624,0.4,4007,Gila,{'04007':100},Gila,4007,FALSE,FALSE,America/Phoenix
85601,31.58855,-111.31613,Arivaca,AZ,Arizona,TRUE,,646,2.2,4019,Pima,{'04019':100},Pima,4019,FALSE,FALSE,America/Phoenix
85602,32.17426,-110.37704,Benson,AZ,Arizona,TRUE,,9033,4.9,4003,Cochise,"{'04003':90.16,'04019':9.84}",Cochise|Pima,04003|04019,FALSE,FALSE,America/Phoenix
85603,31.43389,-109.91049,Bisbee,AZ,Arizona,TRUE,,6770,12.3,4003,Cochise,{'04003':100},Cochise,4003,FALSE,FALSE,America/Phoenix
85605,32.29936,-109.47785,Bowie,AZ,Arizona,TRUE,,516,0.7,4003,Cochise,{'04003':100},Cochise,4003,FALSE,FALSE,America/Phoenix
85606,32.03954,-109.91029,Cochise,AZ,Arizona,TRUE,,1040,3.6,4003,Cochise,{'04003':100},Cochise,4003,FALSE,FALSE,America/Phoenix
85607,31.5212,-109.35164,Douglas,AZ,Arizona,TRUE,,15411,8.8,4003,Cochise,{'04003':100},Cochise,4003,FALSE,FALSE,America/Phoenix
85608,31.45586,-109.58607,Douglas,AZ,Arizona,TRUE,,4978,481.1,4003,Cochise,{'04003':100},Cochise,4003,FALSE,FALSE,America/Phoenix
85609,32.06586,-110.10558,Dragoon,AZ,Arizona,TRUE,,199,1.2,4003,Cochise,{'04003':100},Cochise,4003,FALSE,FALSE,America/Phoenix
85610,31.74107,-109.71769,Elfrida,AZ,Arizona,TRUE,,978,1.2,4003,Cochise,{'04003':100},Cochise,4003,FALSE,FALSE,America/Phoenix
85611,31.66144,-110.51203,Elgin,AZ,Arizona,TRUE,,839,1.2,4023,Santa Cruz,"{'04003':2.07,'04019':17.93,'04023':80}",Santa Cruz|Cochise|Pima,04023|04003|04019,FALSE,FALSE,America/Phoenix
85613,31.5669,-110.3851,Fort Huachuca,AZ,Arizona,TRUE,,5480,46.2,4003,Cochise,{'04003':100},Cochise,4003,FALSE,FALSE,America/Phoenix
85614,31.82287,-110.92579,Green Valley,AZ,Arizona,TRUE,,23617,62.3,4019,Pima,{'04019':100},Pima,4019,FALSE,FALSE,America/Phoenix
85615,31.40187,-110.21973,Hereford,AZ,Arizona,TRUE,,9442,17.4,4003,Cochise,{'04003':100},Cochise,4003,FALSE,FALSE,America/Phoenix
85616,31.69331,-110.33305,Huachuca City,AZ,Arizona,TRUE,,5384,16.1,4003,Cochise,{'04003':100},Cochise,4003,FALSE,FALSE,America/Phoenix
85617,31.54832,-109.72293,Mc Neal,AZ,Arizona,TRUE,,1231,2.2,4003,Cochise,{'04003':100},Cochise,4003,FALSE,FALSE,America/Phoenix
85618,32.71317,-110.55581,Mammoth,AZ,Arizona,TRUE,,1954,5.9,4021,Pinal,{'04021':100},Pinal,4021,FALSE,FALSE,America/Phoenix
85619,32.4076,-110.7332,Mount Lemmon,AZ,Arizona,TRUE,,157,0.1,4019,Pima,{'04019':100},Pima,4019,FALSE,FALSE,America/Phoenix
85620,31.33717,-109.94123,Naco,AZ,Arizona,TRUE,,639,324.4,4003,Cochise,{'04003':100},Cochise,4003,FALSE,FALSE,America/Phoenix
85621,31.42297,-111.04039,Nogales,AZ,Arizona,TRUE,,22274,31.5,4023,Santa Cruz,{'04023':100},Santa Cruz,4023,FALSE,FALSE,America/Phoenix
85622,31.82686,-111.07552,Green Valley,AZ,Arizona,TRUE,,6233,50.1,4019,Pima,{'04019':100},Pima,4019,FALSE,FALSE,America/Phoenix
85623,32.70641,-110.8053,Oracle,AZ,Arizona,TRUE,,5337,4.5,4021,Pinal,{'04021':100},Pinal,4021,FALSE,FALSE,America/Phoenix
85624,31.51537,-110.69859,Patagonia,AZ,Arizona,TRUE,,1316,1.4,4023,Santa Cruz,{'04023':100},Santa Cruz,4023,FALSE,FALSE,America/Phoenix
85625,31.8885,-109.61185,Pearce,AZ,Arizona,TRUE,,2211,3,4003,Cochise,{'04003':100},Cochise,4003,FALSE,FALSE,America/Phoenix
85626,31.35783,-109.56666,Pirtleville,AZ,Arizona,TRUE,,1086,535.2,4003,Cochise,{'04003':100},Cochise,4003,FALSE,FALSE,America/Phoenix
85627,32.00493,-110.24102,Pomerene,AZ,Arizona,TRUE,,1243,21.7,4003,Cochise,{'04003':100},Cochise,4003,FALSE,FALSE,America/Phoenix
85629,31.91782,-111.01905,Sahuarita,AZ,Arizona,TRUE,,25362,39.5,4019,Pima,{'04019':100},Pima,4019,FALSE,FALSE,America/Phoenix
85630,31.88882,-110.169,Saint David,AZ,Arizona,TRUE,,1995,6,4003,Cochise,{'04003':100},Cochise,4003,FALSE,FALSE,America/Phoenix
85631,32.59139,-110.55254,San Manuel,AZ,Arizona,TRUE,,3771,12,4021,Pinal,{'04021':100},Pinal,4021,FALSE,FALSE,America/Phoenix
85632,32.04238,-109.17479,San Simon,AZ,Arizona,TRUE,,811,0.4,4003,Cochise,{'04003':100},Cochise,4003,FALSE,FALSE,America/Phoenix
85633,31.62288,-111.49572,Sasabe,AZ,Arizona,TRUE,,45,0.1,4019,Pima,{'04019':100},Pima,4019,FALSE,FALSE,America/Phoenix
85634,32.0315,-112.00653,Sells,AZ,Arizona,TRUE,,6637,0.9,4019,Pima,"{'04019':98.32,'04021':1.68}",Pima|Pinal,04019|04021,FALSE,FALSE,America/Phoenix
85635,31.57036,-110.17704,Sierra Vista,AZ,Arizona,TRUE,,33767,187.8,4003,Cochise,{'04003':100},Cochise,4003,FALSE,FALSE,America/Phoenix
85637,31.72818,-110.68962,Sonoita,AZ,Arizona,TRUE,,1245,4.1,4023,Santa Cruz,"{'04019':16.88,'04023':83.12}",Santa Cruz|Pima,04023|04019,FALSE,FALSE,America/Phoenix
85638,31.71507,-110.0509,Tombstone,AZ,Arizona,TRUE,,1871,2.4,4003,Cochise,{'04003':100},Cochise,4003,FALSE,FALSE,America/Phoenix
85640,31.56186,-111.04939,Tumacacori,AZ,Arizona,TRUE,,255,23,4023,Santa Cruz,{'04023':100},Santa Cruz,4023,FALSE,FALSE,America/Phoenix
85641,32.04901,-110.6229,Vail,AZ,Arizona,TRUE,,26441,18.1,4019,Pima,{'04019':100},Pima,4019,FALSE,FALSE,America/Phoenix
85643,32.40377,-109.96367,Willcox,AZ,Arizona,TRUE,,8475,1.8,4003,Cochise,"{'04003':87.08,'04009':12.92}",Cochise|Graham,04003|04009,FALSE,FALSE,America/Phoenix
85645,31.70305,-111.15951,Amado,AZ,Arizona,TRUE,,2410,4.2,4019,Pima,"{'04019':87.36,'04023':12.64}",Pima|Santa Cruz,04019|04023,FALSE,FALSE,America/Phoenix
85646,31.60616,-110.99018,Tubac,AZ,Arizona,TRUE,,1286,3.9,4023,Santa Cruz,{'04023':100},Santa Cruz,4023,FALSE,FALSE,America/Phoenix
85648,31.4873,-111.04117,Rio Rico,AZ,Arizona,TRUE,,19771,46.9,4023,Santa Cruz,{'04023':100},Santa Cruz,4023,FALSE,FALSE,America/Phoenix
85650,31.50007,-110.20214,Sierra Vista,AZ,Arizona,TRUE,,15747,141.3,4003,Cochise,{'04003':100},Cochise,4003,FALSE,FALSE,America/Phoenix
85653,32.38975,-111.37702,Marana,AZ,Arizona,TRUE,,17978,16.7,4019,Pima,"{'04019':99.95,'04021':0.05}",Pima|Pinal,04019|04021,FALSE,FALSE,America/Phoenix
85654,32.41526,-111.1544,Rillito,AZ,Arizona,TRUE,,0,608.9,4019,Pima,{'04019':100},Pima,4019,FALSE,FALSE,America/Phoenix
85658,32.54917,-111.14836,Marana,AZ,Arizona,TRUE,,11586,13.4,4019,Pima,"{'04019':84.36,'04021':15.64}",Pima|Pinal,04019|04021,FALSE,FALSE,America/Phoenix
85701,32.2169,-110.97095,Tucson,AZ,Arizona,TRUE,,5347,1330.4,4019,Pima,{'04019':100},Pima,4019,FALSE,FALSE,America/Phoenix
85704,32.33785,-110.98551,Tucson,AZ,Arizona,TRUE,,32351,668.1,4019,Pima,{'04019':100},Pima,4019,FALSE,FALSE,America/Phoenix
85705,32.27127,-110.99213,Tucson,AZ,Arizona,TRUE,,56450,1633.8,4019,Pima,{'04019':100},Pima,4019,FALSE,FALSE,America/Phoenix
85706,32.14763,-110.9334,Tucson,AZ,Arizona,TRUE,,55352,1701.2,4019,Pima,{'04019':100},Pima,4019,FALSE,FALSE,America/Phoenix
85707,32.17921,-110.88698,Tucson,AZ,Arizona,TRUE,,665,56,4019,Pima,{'04019':100},Pima,4019,FALSE,FALSE,America/Phoenix
85708,32.18191,-110.86645,Tucson,AZ,Arizona,TRUE,,4025,800.3,4019,Pima,{'04019':100},Pima,4019,FALSE,FALSE,America/Phoenix
85710,32.21414,-110.82375,Tucson,AZ,Arizona,TRUE,,54663,1740.1,4019,Pima,{'04019':100},Pima,4019,FALSE,FALSE,America/Phoenix
85711,32.21523,-110.88341,Tucson,AZ,Arizona,TRUE,,39521,1862.6,4019,Pima,{'04019':100},Pima,4019,FALSE,FALSE,America/Phoenix
85712,32.25233,-110.88648,Tucson,AZ,Arizona,TRUE,,33612,1852.4,4019,Pima,{'04019':100},Pima,4019,FALSE,FALSE,America/Phoenix
85713,32.19526,-111.01537,Tucson,AZ,Arizona,TRUE,,46640,817,4019,Pima,{'04019':100},Pima,4019,FALSE,FALSE,America/Phoenix
85714,32.1674,-110.95082,Tucson,AZ,Arizona,TRUE,,15693,880.5,4019,Pima,{'04019':100},Pima,4019,FALSE,FALSE,America/Phoenix
85715,32.24887,-110.83081,Tucson,AZ,Arizona,TRUE,,17137,1023.2,4019,Pima,{'04019':100},Pima,4019,FALSE,FALSE,America/Phoenix
85716,32.24151,-110.92322,Tucson,AZ,Arizona,TRUE,,30313,1798.1,4019,Pima,{'04019':100},Pima,4019,FALSE,FALSE,America/Phoenix
85718,32.33333,-110.91661,Tucson,AZ,Arizona,TRUE,,26398,277.3,4019,Pima,{'04019':100},Pima,4019,FALSE,FALSE,America/Phoenix
85719,32.24671,-110.94869,Tucson,AZ,Arizona,TRUE,,48369,2074.9,4019,Pima,{'04019':100},Pima,4019,FALSE,FALSE,America/Phoenix
85723,32.18023,-110.96517,Tucson,AZ,Arizona,TRUE,,0,0,4019,Pima,{'04019':0},Pima,4019,FALSE,FALSE,America/Phoenix
85724,32.24088,-110.94552,Tucson,AZ,Arizona,TRUE,,0,0,4019,Pima,{'04019':0},Pima,4019,FALSE,FALSE,America/Phoenix
85726,32.20478,-110.94563,Tucson,AZ,Arizona,TRUE,,0,0,4019,Pima,{'04019':0},Pima,4019,FALSE,FALSE,America/Phoenix
85730,32.18277,-110.747,Tucson,AZ,Arizona,TRUE,,38219,318.8,4019,Pima,{'04019':100},Pima,4019,FALSE,FALSE,America/Phoenix
85735,32.09306,-111.34721,Tucson,AZ,Arizona,TRUE,,11274,22.8,4019,Pima,{'04019':100},Pima,4019,FALSE,FALSE,America/Phoenix
85736,31.90107,-111.37023,Tucson,AZ,Arizona,TRUE,,4612,5.4,4019,Pima,{'04019':100},Pima,4019,FALSE,FALSE,America/Phoenix
85737,32.41414,-110.94664,Tucson,AZ,Arizona,TRUE,,21795,332.1,4019,Pima,{'04019':100},Pima,4019,FALSE,FALSE,America/Phoenix
85739,32.61655,-110.98581,Tucson,AZ,Arizona,TRUE,,18511,37,4021,Pinal,"{'04019':42.95,'04021':57.05}",Pinal|Pima,04021|04019,FALSE,FALSE,America/Phoenix
85741,32.33731,-111.03944,Tucson,AZ,Arizona,TRUE,,35219,1265.9,4019,Pima,{'04019':100},Pima,4019,FALSE,FALSE,America/Phoenix
85742,32.39471,-111.06571,Tucson,AZ,Arizona,TRUE,,27899,338.8,4019,Pima,{'04019':100},Pima,4019,FALSE,FALSE,America/Phoenix
85743,32.3108,-111.1882,Tucson,AZ,Arizona,TRUE,,30217,116.7,4019,Pima,{'04019':100},Pima,4019,FALSE,FALSE,America/Phoenix
85745,32.25879,-111.08972,Tucson,AZ,Arizona,TRUE,,39414,212.2,4019,Pima,{'04019':100},Pima,4019,FALSE,FALSE,America/Phoenix
85746,32.09161,-111.04443,Tucson,AZ,Arizona,TRUE,,44823,217.8,4019,Pima,{'04019':100},Pima,4019,FALSE,FALSE,America/Phoenix
85747,32.09498,-110.76537,Tucson,AZ,Arizona,TRUE,,25777,150.9,4019,Pima,{'04019':100},Pima,4019,FALSE,FALSE,America/Phoenix
85748,32.21896,-110.75198,Tucson,AZ,Arizona,TRUE,,18372,590.5,4019,Pima,{'04019':100},Pima,4019,FALSE,FALSE,America/Phoenix
85749,32.2895,-110.73178,Tucson,AZ,Arizona,TRUE,,18813,122.2,4019,Pima,{'04019':100},Pima,4019,FALSE,FALSE,America/Phoenix
85750,32.30199,-110.84021,Tucson,AZ,Arizona,TRUE,,24535,469.3,4019,Pima,{'04019':100},Pima,4019,FALSE,FALSE,America/Phoenix
85755,32.46826,-110.98146,Tucson,AZ,Arizona,TRUE,,16434,173.1,4019,Pima,{'04019':100},Pima,4019,FALSE,FALSE,America/Phoenix
85756,32.07925,-110.89888,Tucson,AZ,Arizona,TRUE,,42023,203,4019,Pima,{'04019':100},Pima,4019,FALSE,FALSE,America/Phoenix
85757,32.1285,-111.12212,Tucson,AZ,Arizona,TRUE,,20312,255.2,4019,Pima,{'04019':100},Pima,4019,FALSE,FALSE,America/Phoenix
85901,34.29984,-109.99991,Show Low,AZ,Arizona,TRUE,,18344,25.5,4017,Navajo,"{'04001':3.26,'04017':96.74}",Navajo|Apache,04017|04001,FALSE,FALSE,America/Phoenix
85911,34.1355,-110.36938,Cibecue,AZ,Arizona,TRUE,,2222,1.1,4017,Navajo,{'04017':100},Navajo,4017,FALSE,FALSE,America/Phoenix
85912,34.42676,-109.92745,White Mountain Lake,AZ,Arizona,TRUE,,292,1.6,4017,Navajo,{'04017':100},Navajo,4017,FALSE,FALSE,America/Phoenix
85920,33.86056,-109.17681,Alpine,AZ,Arizona,TRUE,,434,1.7,4001,Apache,{'04001':100},Apache,4001,FALSE,FALSE,America/Phoenix
85922,33.50872,-109.13674,Blue,AZ,Arizona,TRUE,,37,0,4011,Greenlee,{'04011':100},Greenlee,4011,FALSE,FALSE,America/Phoenix
85923,34.32498,-110.34055,Clay Springs,AZ,Arizona,TRUE,,469,3.8,4017,Navajo,{'04017':100},Navajo,4017,FALSE,FALSE,America/Phoenix
85924,34.57457,-109.6617,Concho,AZ,Arizona,TRUE,,2696,1.3,4001,Apache,{'04001':100},Apache,4001,FALSE,FALSE,America/Phoenix
85925,34.088,-109.3232,Eagar,AZ,Arizona,TRUE,,4938,64.1,4001,Apache,{'04001':100},Apache,4001,FALSE,FALSE,America/Phoenix
85926,33.77421,-109.97933,Fort Apache,AZ,Arizona,TRUE,,453,14.9,4017,Navajo,{'04017':100},Navajo,4017,FALSE,FALSE,America/Phoenix
85927,34.00517,-109.46645,Greer,AZ,Arizona,TRUE,,132,0.5,4001,Apache,{'04001':100},Apache,4001,FALSE,FALSE,America/Phoenix
85928,34.53344,-110.55815,Heber,AZ,Arizona,TRUE,,1327,1.5,4017,Navajo,{'04017':100},Navajo,4017,FALSE,FALSE,America/Phoenix
85929,34.18574,-109.93658,Lakeside,AZ,Arizona,TRUE,,7407,53.2,4017,Navajo,{'04017':100},Navajo,4017,FALSE,FALSE,America/Phoenix
85930,34.0431,-109.72258,Mcnary,AZ,Arizona,TRUE,,1337,2.2,4017,Navajo,"{'04001':48.8,'04017':51.2}",Navajo|Apache,04017|04001,FALSE,FALSE,America/Phoenix
85931,34.45127,-110.86441,Forest Lakes,AZ,Arizona,TRUE,,203,0.3,4005,Coconino,{'04005':100},Coconino,4005,FALSE,FALSE,America/Phoenix
85932,33.9525,-109.21464,Nutrioso,AZ,Arizona,TRUE,,378,1.1,4001,Apache,{'04001':100},Apache,4001,FALSE,FALSE,America/Phoenix
85933,34.35622,-110.50678,Overgaard,AZ,Arizona,TRUE,,2659,12.7,4017,Navajo,{'04017':100},Navajo,4017,FALSE,FALSE,America/Phoenix
85934,34.30029,-110.24571,Pinedale,AZ,Arizona,TRUE,,322,3.8,4017,Navajo,{'04017':100},Navajo,4017,FALSE,FALSE,America/Phoenix
85935,34.11522,-109.89583,Pinetop,AZ,Arizona,TRUE,,4832,37.9,4017,Navajo,{'04017':100},Navajo,4017,FALSE,FALSE,America/Phoenix
85936,34.64541,-109.27648,Saint Johns,AZ,Arizona,TRUE,,4447,1.7,4001,Apache,{'04001':100},Apache,4001,FALSE,FALSE,America/Phoenix
85937,34.55935,-110.06064,Snowflake,AZ,Arizona,TRUE,,7793,9.6,4017,Navajo,{'04017':100},Navajo,4017,FALSE,FALSE,America/Phoenix
85938,34.17017,-109.33153,Springerville,AZ,Arizona,TRUE,,2212,2.5,4001,Apache,{'04001':100},Apache,4001,FALSE,FALSE,America/Phoenix
85939,34.43896,-110.08576,Taylor,AZ,Arizona,TRUE,,4248,30.4,4017,Navajo,{'04017':100},Navajo,4017,FALSE,FALSE,America/Phoenix
85940,34.25246,-109.68806,Vernon,AZ,Arizona,TRUE,,1325,6.8,4001,Apache,{'04001':100},Apache,4001,FALSE,FALSE,America/Phoenix
85941,33.8205,-109.97092,Whiteriver,AZ,Arizona,TRUE,,11149,4.6,4017,Navajo,"{'04001':0.25,'04007':16.88,'04017':82.87}",Navajo|Gila|Apache,04017|04007|04001,FALSE,FALSE,America/Phoenix
85942,34.74311,-109.97073,Woodruff,AZ,Arizona,TRUE,,87,0.6,4017,Navajo,{'04017':100},Navajo,4017,FALSE,FALSE,America/Phoenix
86001,35.28949,-111.63774,Flagstaff,AZ,Arizona,TRUE,,46041,17.8,4005,Coconino,{'04005':100},Coconino,4005,FALSE,FALSE,America/Phoenix
86003,35.21976,-111.21412,Flagstaff,AZ,Arizona,TRUE,,3,0.4,4005,Coconino,{'04005':100},Coconino,4005,FALSE,FALSE,America/Denver
86004,35.38763,-111.38479,Flagstaff,AZ,Arizona,TRUE,,35798,18.9,4005,Coconino,{'04005':100},Coconino,4005,FALSE,FALSE,America/Phoenix
86011,35.1799,-111.65514,Flagstaff,AZ,Arizona,TRUE,,9124,3624.5,4005,Coconino,{'04005':100},Coconino,4005,FALSE,FALSE,America/Phoenix
86015,35.23241,-111.8376,Bellemont,AZ,Arizona,TRUE,,470,27.3,4005,Coconino,{'04005':100},Coconino,4005,FALSE,FALSE,America/Phoenix
86016,35.75045,-111.61879,Gray Mountain,AZ,Arizona,TRUE,,41,0.2,4005,Coconino,{'04005':100},Coconino,4005,FALSE,FALSE,America/Denver
86017,34.89802,-111.63621,Munds Park,AZ,Arizona,TRUE,,868,1.9,4005,Coconino,{'04005':100},Coconino,4005,FALSE,FALSE,America/Phoenix
86018,35.2714,-111.96426,Parks,AZ,Arizona,TRUE,,860,2.9,4005,Coconino,{'04005':100},Coconino,4005,FALSE,FALSE,America/Phoenix
86020,35.99212,-111.50371,Cameron,AZ,Arizona,TRUE,,2216,0.6,4005,Coconino,{'04005':100},Coconino,4005,FALSE,FALSE,America/Denver
86021,36.97182,-113.01702,Colorado City,AZ,Arizona,TRUE,,6023,88.3,4015,Mohave,{'04015':100},Mohave,4015,FALSE,FALSE,America/Phoenix
86022,36.84139,-112.57616,Fredonia,AZ,Arizona,TRUE,,2053,1.5,4005,Coconino,"{'04005':62.31,'04015':37.69}",Coconino|Mohave,04005|04015,FALSE,FALSE,America/Phoenix
86023,36.05723,-112.07662,Grand Canyon,AZ,Arizona,TRUE,,2485,3.7,4005,Coconino,{'04005':100},Coconino,4005,FALSE,FALSE,America/Phoenix
86024,34.66159,-111.34037,Happy Jack,AZ,Arizona,TRUE,,649,0.5,4005,Coconino,{'04005':100},Coconino,4005,FALSE,FALSE,America/Phoenix
86025,34.93793,-110.09935,Holbrook,AZ,Arizona,TRUE,,5660,3.1,4017,Navajo,{'04017':100},Navajo,4017,FALSE,FALSE,America/Phoenix
86028,34.96719,-109.7398,Petrified Forest Natl Pk,AZ,Arizona,TRUE,,0,0.1,4001,Apache,{'04001':100},Apache,4001,FALSE,FALSE,America/Phoenix
86029,35.00328,-109.99537,Sun Valley,AZ,Arizona,TRUE,,175,2,4017,Navajo,{'04017':100},Navajo,4017,FALSE,FALSE,America/Phoenix
86030,35.9762,-110.71337,Hotevilla,AZ,Arizona,TRUE,,1531,2.3,4017,Navajo,"{'04005':0.22,'04017':99.78}",Navajo|Coconino,04017|04005,FALSE,FALSE,America/Phoenix
86031,35.3865,-110.05275,Indian Wells,AZ,Arizona,TRUE,,1704,1.6,4017,Navajo,{'04017':100},Navajo,4017,FALSE,FALSE,America/Denver
86032,35.04266,-110.32518,Joseph City,AZ,Arizona,TRUE,,1688,2.9,4017,Navajo,{'04017':100},Navajo,4017,FALSE,FALSE,America/Phoenix
86033,36.67265,-110.22883,Kayenta,AZ,Arizona,TRUE,,7407,2.6,4017,Navajo,"{'04001':2.43,'04017':97.57}",Navajo|Apache,04017|04001,FALSE,FALSE,America/Denver
86034,35.79022,-110.12806,Keams Canyon,AZ,Arizona,TRUE,,1927,1.8,4017,Navajo,"{'04001':16.16,'04017':83.84}",Navajo|Apache,04017|04001,FALSE,FALSE,America/Denver
86035,35.44606,-110.96228,Leupp,AZ,Arizona,TRUE,,2095,1,4005,Coconino,{'04005':100},Coconino,4005,FALSE,FALSE,America/Denver
86036,36.73705,-111.82288,Marble Canyon,AZ,Arizona,TRUE,,400,0.2,4005,Coconino,{'04005':100},Coconino,4005,FALSE,FALSE,America/Phoenix
86038,34.94195,-111.43059,Mormon Lake,AZ,Arizona,TRUE,,26,0.6,4005,Coconino,{'04005':100},Coconino,4005,FALSE,FALSE,America/Phoenix
86039,36.06277,-110.53209,Kykotsmovi Village,AZ,Arizona,TRUE,,1273,1.9,4017,Navajo,{'04017':100},Navajo,4017,FALSE,FALSE,America/Denver
86040,36.69612,-111.41907,Page,AZ,Arizona,TRUE,,10821,5.3,4005,Coconino,{'04005':100},Coconino,4005,FALSE,FALSE,America/Denver
86042,35.86168,-110.38752,Polacca,AZ,Arizona,TRUE,,2181,9.7,4017,Navajo,{'04017':100},Navajo,4017,FALSE,FALSE,America/Phoenix
86043,35.80718,-110.53305,Second Mesa,AZ,Arizona,TRUE,,2838,6.6,4017,Navajo,{'04017':100},Navajo,4017,FALSE,FALSE,America/Phoenix
86044,36.70908,-110.84107,Tonalea,AZ,Arizona,TRUE,,3362,1.6,4005,Coconino,"{'04005':77.51,'04017':12.47,'49037':10.02}",Coconino|Navajo|San Juan,04005|04017|49037,FALSE,FALSE,America/Denver
86045,36.05915,-111.12132,Tuba City,AZ,Arizona,TRUE,,11634,3.2,4005,Coconino,{'04005':100},Coconino,4005,FALSE,FALSE,America/Phoenix
86046,35.43022,-112.15495,Williams,AZ,Arizona,TRUE,,5266,1.6,4005,Coconino,{'04005':100},Coconino,4005,FALSE,FALSE,America/Phoenix
86047,35.15126,-110.65319,Winslow,AZ,Arizona,TRUE,,15393,3.4,4017,Navajo,"{'04005':5.84,'04017':94.16}",Navajo|Coconino,04017|04005,FALSE,FALSE,America/Phoenix
86052,36.34732,-112.11897,North Rim,AZ,Arizona,TRUE,,255,0,4005,Coconino,{'04005':100},Coconino,4005,FALSE,FALSE,America/Phoenix
86053,36.72417,-111.07331,Kaibeto,AZ,Arizona,TRUE,,2287,1.2,4005,Coconino,{'04005':100},Coconino,4005,FALSE,FALSE,America/Denver
86054,36.72367,-110.60998,Shonto,AZ,Arizona,TRUE,,1718,1.8,4017,Navajo,"{'04005':5.63,'04017':94.37}",Navajo|Coconino,04017|04005,FALSE,FALSE,America/Denver
86301,34.59172,-112.42642,Prescott,AZ,Arizona,TRUE,,22919,257.4,4025,Yavapai,{'04025':100},Yavapai,4025,FALSE,FALSE,America/Phoenix
86303,34.48259,-112.44794,Prescott,AZ,Arizona,TRUE,,17194,49.4,4025,Yavapai,{'04025':100},Yavapai,4025,FALSE,FALSE,America/Phoenix
86305,34.81851,-112.95843,Prescott,AZ,Arizona,TRUE,,18204,5.4,4025,Yavapai,{'04025':100},Yavapai,4025,FALSE,FALSE,America/Phoenix
86313,34.55359,-112.45232,Prescott,AZ,Arizona,TRUE,,237,884.4,4025,Yavapai,{'04025':100},Yavapai,4025,FALSE,FALSE,America/Phoenix
86314,34.62598,-112.30617,Prescott Valley,AZ,Arizona,TRUE,,38932,183.8,4025,Yavapai,{'04025':100},Yavapai,4025,FALSE,FALSE,America/Phoenix
86315,34.70344,-112.27007,Prescott Valley,AZ,Arizona,TRUE,,7676,45.9,4025,Yavapai,{'04025':100},Yavapai,4025,FALSE,FALSE,America/Phoenix
86320,35.3537,-112.63606,Ash Fork,AZ,Arizona,TRUE,,2045,0.8,4025,Yavapai,"{'04005':46.95,'04025':53.05}",Yavapai|Coconino,04025|04005,FALSE,FALSE,America/Phoenix
86321,34.49281,-113.10311,Bagdad,AZ,Arizona,TRUE,,2217,2.9,4025,Yavapai,{'04025':100},Yavapai,4025,FALSE,FALSE,America/Phoenix
86322,34.49827,-111.79591,Camp Verde,AZ,Arizona,TRUE,,12002,11.5,4025,Yavapai,{'04025':100},Yavapai,4025,FALSE,FALSE,America/Phoenix
86323,34.77472,-112.40793,Chino Valley,AZ,Arizona,TRUE,,16394,43.1,4025,Yavapai,{'04025':100},Yavapai,4025,FALSE,FALSE,America/Phoenix
86324,34.85458,-112.12482,Clarkdale,AZ,Arizona,TRUE,,4589,9.6,4025,Yavapai,{'04025':100},Yavapai,4025,FALSE,FALSE,America/Phoenix
86325,34.7346,-111.8979,Cornville,AZ,Arizona,TRUE,,5449,33.2,4025,Yavapai,{'04025':100},Yavapai,4025,FALSE,FALSE,America/Phoenix
86326,34.70005,-112.02366,Cottonwood,AZ,Arizona,TRUE,,25015,166.6,4025,Yavapai,{'04025':100},Yavapai,4025,FALSE,FALSE,America/Phoenix
86327,34.57133,-112.10494,Dewey,AZ,Arizona,TRUE,,9010,17.1,4025,Yavapai,{'04025':100},Yavapai,4025,FALSE,FALSE,America/Phoenix
86329,34.47164,-112.22499,Humboldt,AZ,Arizona,TRUE,,1055,12.3,4025,Yavapai,{'04025':100},Yavapai,4025,FALSE,FALSE,America/Phoenix
86331,34.72685,-112.14388,Jerome,AZ,Arizona,TRUE,,445,4.2,4025,Yavapai,{'04025':100},Yavapai,4025,FALSE,FALSE,America/Phoenix
86332,34.32056,-112.63311,Kirkland,AZ,Arizona,TRUE,,1810,1.3,4025,Yavapai,{'04025':100},Yavapai,4025,FALSE,FALSE,America/Phoenix
86333,34.32832,-112.08152,Mayer,AZ,Arizona,TRUE,,7417,4.5,4025,Yavapai,{'04025':100},Yavapai,4025,FALSE,FALSE,America/Phoenix
86334,34.95114,-112.54528,Paulden,AZ,Arizona,TRUE,,4351,8.5,4025,Yavapai,{'04025':100},Yavapai,4025,FALSE,FALSE,America/Phoenix
86335,34.69424,-111.68285,Rimrock,AZ,Arizona,TRUE,,5364,10,4025,Yavapai,{'04025':100},Yavapai,4025,FALSE,FALSE,America/Phoenix
86336,34.89421,-111.87425,Sedona,AZ,Arizona,TRUE,,11788,19.4,4025,Yavapai,"{'04005':27.83,'04025':72.17}",Yavapai|Coconino,04025|04005,FALSE,FALSE,America/Phoenix
86337,35.35563,-113.0216,Seligman,AZ,Arizona,TRUE,,1305,0.4,4025,Yavapai,"{'04005':4.42,'04025':95.58}",Yavapai|Coconino,04025|04005,FALSE,FALSE,America/Phoenix
86338,34.5818,-112.7539,Skull Valley,AZ,Arizona,TRUE,,464,1,4025,Yavapai,{'04025':100},Yavapai,4025,FALSE,FALSE,America/Phoenix
86343,34.19336,-112.29585,Crown King,AZ,Arizona,TRUE,,68,0.7,4025,Yavapai,{'04025':100},Yavapai,4025,FALSE,FALSE,America/Phoenix
86351,34.77845,-111.78507,Sedona,AZ,Arizona,TRUE,,6323,61.3,4025,Yavapai,{'04025':100},Yavapai,4025,FALSE,FALSE,America/Phoenix
86401,35.13282,-113.70329,Kingman,AZ,Arizona,TRUE,,25709,8.4,4015,Mohave,{'04015':100},Mohave,4015,FALSE,FALSE,America/Phoenix
86403,34.48144,-114.34829,Lake Havasu City,AZ,Arizona,TRUE,,18119,608.9,4015,Mohave,{'04015':100},Mohave,4015,FALSE,FALSE,America/Los_Angeles
86404,34.61883,-114.3065,Lake Havasu City,AZ,Arizona,TRUE,,16525,36.2,4015,Mohave,{'04015':100},Mohave,4015,FALSE,FALSE,America/Phoenix
86406,34.42284,-114.12498,Lake Havasu City,AZ,Arizona,TRUE,,22995,37.4,4015,Mohave,{'04015':100},Mohave,4015,FALSE,FALSE,America/Phoenix
86409,35.46103,-114.02851,Kingman,AZ,Arizona,TRUE,,28158,30.6,4015,Mohave,{'04015':100},Mohave,4015,FALSE,FALSE,America/Phoenix
86411,35.42674,-113.64092,Hackberry,AZ,Arizona,TRUE,,217,0.2,4015,Mohave,{'04015':100},Mohave,4015,FALSE,FALSE,America/Phoenix
86413,35.20499,-114.33206,Golden Valley,AZ,Arizona,TRUE,,12574,6.6,4015,Mohave,{'04015':100},Mohave,4015,FALSE,FALSE,America/Phoenix
86426,35.00522,-114.56858,Fort Mohave,AZ,Arizona,TRUE,,14587,147.7,4015,Mohave,{'04015':100},Mohave,4015,FALSE,FALSE,America/Phoenix
86429,35.16265,-114.48864,Bullhead City,AZ,Arizona,TRUE,,7743,33,4015,Mohave,{'04015':100},Mohave,4015,FALSE,FALSE,America/Phoenix
86431,35.41563,-114.21985,Chloride,AZ,Arizona,TRUE,,459,2.7,4015,Mohave,{'04015':100},Mohave,4015,FALSE,FALSE,America/Phoenix
86432,36.46122,-113.58931,Littlefield,AZ,Arizona,TRUE,,3735,0.5,4015,Mohave,{'04015':100},Mohave,4015,FALSE,FALSE,America/Phoenix
86433,34.91763,-114.34877,Oatman,AZ,Arizona,TRUE,,0,0.3,4015,Mohave,{'04015':100},Mohave,4015,FALSE,FALSE,America/Phoenix
86434,35.69303,-113.61062,Peach Springs,AZ,Arizona,TRUE,,1657,0.7,4015,Mohave,"{'04015':93.83,'04025':6.17}",Mohave|Yavapai,04015|04025,FALSE,FALSE,America/Phoenix
86435,36.05405,-112.90194,Supai,AZ,Arizona,TRUE,,15,0.2,4005,Coconino,{'04005':100},Coconino,4005,FALSE,FALSE,America/Phoenix
86436,34.75702,-114.3861,Topock,AZ,Arizona,TRUE,,1079,7.3,4015,Mohave,{'04015':100},Mohave,4015,FALSE,FALSE,America/Phoenix
86437,35.37886,-113.6141,Valentine,AZ,Arizona,TRUE,,115,0.4,4015,Mohave,{'04015':100},Mohave,4015,FALSE,FALSE,America/Phoenix
86438,34.57122,-113.84304,Yucca,AZ,Arizona,TRUE,,837,0.3,4015,Mohave,{'04015':100},Mohave,4015,FALSE,FALSE,America/Phoenix
86440,34.88759,-114.53228,Mohave Valley,AZ,Arizona,TRUE,,7329,23.3,4015,Mohave,{'04015':100},Mohave,4015,FALSE,FALSE,America/Phoenix
86441,35.56922,-114.37782,Dolan Springs,AZ,Arizona,TRUE,,2404,1.7,4015,Mohave,{'04015':100},Mohave,4015,FALSE,FALSE,America/Phoenix
86442,35.08682,-114.56705,Bullhead City,AZ,Arizona,TRUE,,33551,338.5,4015,Mohave,{'04015':100},Mohave,4015,FALSE,FALSE,America/Phoenix
86443,35.98358,-114.45731,Temple Bar Marina,AZ,Arizona,TRUE,,0,0.1,4015,Mohave,{'04015':100},Mohave,4015,FALSE,FALSE,America/Phoenix
86444,35.90037,-114.04865,Meadview,AZ,Arizona,TRUE,,986,1,4015,Mohave,{'04015':100},Mohave,4015,FALSE,FALSE,America/Phoenix
86445,35.77599,-114.50011,Willow Beach,AZ,Arizona,TRUE,,221,0.4,4015,Mohave,{'04015':100},Mohave,4015,FALSE,FALSE,America/Phoenix
86502,35.222,-109.58172,Chambers,AZ,Arizona,TRUE,,1290,0.8,4001,Apache,{'04001':100},Apache,4001,FALSE,FALSE,America/Denver
86503,36.17067,-109.6421,Chinle,AZ,Arizona,TRUE,,11143,5,4001,Apache,{'04001':100},Apache,4001,FALSE,FALSE,America/Denver
86504,35.93149,-109.13647,Fort Defiance,AZ,Arizona,TRUE,,7003,7.9,4001,Apache,"{'04001':88.56,'35031':11.44}",Apache|McKinley,04001|35031,FALSE,FALSE,America/Denver
86505,35.62447,-109.71433,Ganado,AZ,Arizona,TRUE,,8002,2.9,4001,Apache,"{'04001':84.3,'04017':15.7}",Apache|Navajo,04001|04017,FALSE,FALSE,America/Denver
86506,35.35243,-109.22935,Houck,AZ,Arizona,TRUE,,1165,3,4001,Apache,{'04001':100},Apache,4001,FALSE,FALSE,America/Denver
86507,36.41057,-109.26344,Lukachukai,AZ,Arizona,TRUE,,2217,4.1,4001,Apache,{'04001':100},Apache,4001,FALSE,FALSE,America/Denver
86508,35.32972,-109.08953,Lupton,AZ,Arizona,TRUE,,726,4.2,4001,Apache,{'04001':100},Apache,4001,FALSE,FALSE,America/Denver
86510,36.23729,-110.2307,Pinon,AZ,Arizona,TRUE,,4693,2.8,4017,Navajo,"{'04001':0.3,'04017':99.7}",Navajo|Apache,04017|04001,FALSE,FALSE,America/Denver
86511,35.64747,-109.24552,Saint Michaels,AZ,Arizona,TRUE,,3658,3.9,4001,Apache,{'04001':100},Apache,4001,FALSE,FALSE,America/Denver
86512,35.09844,-109.26938,Sanders,AZ,Arizona,TRUE,,2889,1.6,4001,Apache,{'04001':100},Apache,4001,FALSE,FALSE,America/Phoenix
86514,36.88505,-109.33032,Teec Nos Pos,AZ,Arizona,TRUE,,2936,1.6,4001,Apache,"{'04001':90.77,'49037':9.23}",Apache|San Juan,04001|49037,FALSE,FALSE,America/Denver
86515,35.6673,-109.0536,Window Rock,AZ,Arizona,TRUE,,4672,15.7,4001,Apache,"{'04001':64.61,'35031':35.39}",Apache|McKinley,04001|35031,FALSE,FALSE,America/Denver
86520,36.11051,-109.93601,Blue Gap,AZ,Arizona,TRUE,,1689,2.8,4001,Apache,"{'04001':64.19,'04017':35.81}",Apache|Navajo,04001|04017,FALSE,FALSE,America/Denver
86535,36.78066,-109.85989,Dennehotso,AZ,Arizona,TRUE,,1298,1.7,4001,Apache,{'04001':100},Apache,4001,FALSE,FALSE,America/Denver
86538,36.40507,-109.59932,Many Farms,AZ,Arizona,TRUE,,2026,4.5,4001,Apache,{'04001':100},Apache,4001,FALSE,FALSE,America/Denver
86540,35.93448,-109.46247,Nazlini,AZ,Arizona,TRUE,,1043,1.7,4001,Apache,{'04001':100},Apache,4001,FALSE,FALSE,America/Denver
86544,36.62586,-109.14637,Red Valley,AZ,Arizona,TRUE,,1175,2,4001,Apache,{'04001':100},Apache,4001,FALSE,FALSE,America/Denver
86545,36.70591,-109.60744,Rock Point,AZ,Arizona,TRUE,,1373,1.9,4001,Apache,{'04001':100},Apache,4001,FALSE,FALSE,America/Denver
86547,36.50412,-109.49668,Round Rock,AZ,Arizona,TRUE,,1232,3.5,4001,Apache,{'04001':100},Apache,4001,FALSE,FALSE,America/Denver
86556,36.26902,-109.21012,Tsaile,AZ,Arizona,TRUE,,2073,3.3,4001,Apache,{'04001':100},Apache,4001,FALSE,FALSE,America/Denver
